Precursor Density Summation,Precursor Count,Lowest Density,Highest Density,Mean,Successor Density

0.0,1.0,0.0,0.0,0.0,0.0
0.0,0.0,1.0,0.0,0.0,0.0625
0.0,0.0,1.0,0.0,0.0,0.125
0.0,0.0,1.0,0.0,0.0,0.1875
0.0,0.0,1.0,0.0,0.0,0.25
0.0,0.0,1.0,0.0,0.0,0.3125
0.0,0.0,1.0,0.0,0.0,0.375
0.0,0.0,1.0,0.0,0.0,0.4375
0.0,0.0,1.0,0.0,0.0,0.5
0.0,0.0,1.0,0.0,0.0,0.5625
0.0,0.0,1.0,0.0,0.0,0.625
0.0,0.0,1.0,0.0,0.0,0.6875
0.0,0.0,1.0,0.0,0.0,0.75
0.0,0.0,1.0,0.0,0.0,0.8125
0.0,0.0,1.0,0.0,0.0,0.875
0.0,0.0,1.0,0.0,0.0,0.9375
0.0,0.0,1.0,0.0,0.0,1.0

1.0000000000000002,36.0,0.027777777777777776,0.027777777777777776,0.027777777777777783,0.0
0.0,0.0,1.0,0.0,0.0,0.0625
0.0,0.0,1.0,0.0,0.0,0.125
0.0,0.0,1.0,0.0,0.0,0.1875
0.0,0.0,1.0,0.0,0.0,0.25
0.0,0.0,1.0,0.0,0.0,0.3125
0.0,0.0,1.0,0.0,0.0,0.375
0.0,0.0,1.0,0.0,0.0,0.4375
0.0,0.0,1.0,0.0,0.0,0.5
0.0,0.0,1.0,0.0,0.0,0.5625
0.0,0.0,1.0,0.0,0.0,0.625
0.0,0.0,1.0,0.0,0.0,0.6875
0.0,0.0,1.0,0.0,0.0,0.75
0.0,0.0,1.0,0.0,0.0,0.8125
0.0,0.0,1.0,0.0,0.0,0.875
0.0,0.0,1.0,0.0,0.0,0.9375
0.0,0.0,1.0,0.0,0.0,1.0

35.00000000000049,630.0,0.05555555555555555,0.05555555555555555,0.05555555555555634,0.0
0.0,0.0,1.0,0.0,0.0,0.0625
0.0,0.0,1.0,0.0,0.0,0.125
0.0,0.0,1.0,0.0,0.0,0.1875
0.0,0.0,1.0,0.0,0.0,0.25
0.0,0.0,1.0,0.0,0.0,0.3125
0.0,0.0,1.0,0.0,0.0,0.375
0.0,0.0,1.0,0.0,0.0,0.4375
0.0,0.0,1.0,0.0,0.0,0.5
0.0,0.0,1.0,0.0,0.0,0.5625
0.0,0.0,1.0,0.0,0.0,0.625
0.0,0.0,1.0,0.0,0.0,0.6875
0.0,0.0,1.0,0.0,0.0,0.75
0.0,0.0,1.0,0.0,0.0,0.8125
0.0,0.0,1.0,0.0,0.0,0.875
0.0,0.0,1.0,0.0,0.0,0.9375
0.0,0.0,1.0,0.0,0.0,1.0

519.999999999957,6240.0,0.08333333333333333,0.08333333333333333,0.08333333333332645,0.0
45.33333333333353,544.0,0.08333333333333333,0.08333333333333333,0.08333333333333369,0.0625
25.333333333333243,304.0,0.08333333333333333,0.08333333333333333,0.08333333333333304,0.125
1.333333333333333,16.0,0.08333333333333333,0.08333333333333333,0.08333333333333331,0.1875
3.000000000000001,36.0,0.08333333333333333,0.08333333333333333,0.08333333333333336,0.25
0.0,0.0,1.0,0.0,0.0,0.3125
0.0,0.0,1.0,0.0,0.0,0.375
0.0,0.0,1.0,0.0,0.0,0.4375
0.0,0.0,1.0,0.0,0.0,0.5
0.0,0.0,1.0,0.0,0.0,0.5625
0.0,0.0,1.0,0.0,0.0,0.625
0.0,0.0,1.0,0.0,0.0,0.6875
0.0,0.0,1.0,0.0,0.0,0.75
0.0,0.0,1.0,0.0,0.0,0.8125
0.0,0.0,1.0,0.0,0.0,0.875
0.0,0.0,1.0,0.0,0.0,0.9375
0.0,0.0,1.0,0.0,0.0,1.0

4183.555555559039,37652.0,0.1111111111111111,0.1111111111111111,0.11111111111120363,0.0
1209.7777777775673,10888.0,0.1111111111111111,0.1111111111111111,0.11111111111109177,0.0625
774.666666666555,6972.0,0.1111111111111111,0.1111111111111111,0.11111111111109509,0.125
200.44444444444912,1804.0,0.1111111111111111,0.1111111111111111,0.1111111111111137,0.1875
132.5555555555583,1193.0,0.1111111111111111,0.1111111111111111,0.11111111111111341,0.25
24.88888888888882,224.0,0.1111111111111111,0.1111111111111111,0.1111111111111108,0.3125
17.33333333333329,156.0,0.1111111111111111,0.1111111111111111,0.11111111111111083,0.375
1.7777777777777783,16.0,0.1111111111111111,0.1111111111111111,0.11111111111111115,0.4375
0.0,0.0,1.0,0.0,0.0,0.5
0.0,0.0,1.0,0.0,0.0,0.5625
0.0,0.0,1.0,0.0,0.0,0.625
0.0,0.0,1.0,0.0,0.0,0.6875
0.0,0.0,1.0,0.0,0.0,0.75
0.0,0.0,1.0,0.0,0.0,0.8125
0.0,0.0,1.0,0.0,0.0,0.875
0.0,0.0,1.0,0.0,0.0,0.9375
0.0,0.0,1.0,0.0,0.0,1.0

19480.0000000155,140256.0,0.1388888888888889,0.1388888888888889,0.13888888888899942,0.0
13521.111111094737,97352.0,0.1388888888888889,0.1388888888888889,0.1388888888887207,0.0625
10149.999999988531,73080.0,0.1388888888888889,0.1388888888888889,0.13888888888873197,0.125
4558.888888885556,32824.0,0.1388888888888889,0.1388888888888889,0.13888888888878737,0.1875
2819.4444444436426,20300.0,0.1388888888888889,0.1388888888888889,0.1388888888888494,0.25
1105.555555555705,7960.0,0.1388888888888889,0.1388888888888889,0.13888888888890766,0.3125
541.1111111111579,3896.0,0.1388888888888889,0.1388888888888889,0.1388888888889009,0.375
144.44444444444198,1040.0,0.1388888888888889,0.1388888888888889,0.13888888888888654,0.4375
36.11111111111109,260.0,0.1388888888888889,0.1388888888888889,0.1388888888888888,0.5
3.3333333333333326,24.0,0.1388888888888889,0.1388888888888889,0.13888888888888887,0.5625
0.0,0.0,1.0,0.0,0.0,0.625
0.0,0.0,1.0,0.0,0.0,0.6875
0.0,0.0,1.0,0.0,0.0,0.75
0.0,0.0,1.0,0.0,0.0,0.8125
0.0,0.0,1.0,0.0,0.0,0.875
0.0,0.0,1.0,0.0,0.0,0.9375
0.0,0.0,1.0,0.0,0.0,1.0

53604.66666645882,321628.0,0.16666666666666666,0.16666666666666666,0.16666666666602042,0.0
78070.66666665,468424.0,0.16666666666666666,0.16666666666666666,0.16666666666663107,0.0625
75410.99999990592,452466.0,0.16666666666666666,0.16666666666666666,0.16666666666645874,0.125
49501.3333331852,297008.0,0.16666666666666666,0.16666666666666666,0.16666666666616792,0.1875
33443.00000008554,200658.0,0.16666666666666666,0.16666666666666666,0.16666666666709298,0.25
18913.999999994565,113484.0,0.16666666666666666,0.16666666666666666,0.16666666666661878,0.3125
10009.999999999345,60060.0,0.16666666666666666,0.16666666666666666,0.16666666666665578,0.375
3964.666666665296,23788.0,0.16666666666666666,0.16666666666666666,0.16666666666660904,0.4375
1387.3333333334053,8324.0,0.16666666666666666,0.16666666666666666,0.16666666666667532,0.5
291.3333333333315,1748.0,0.16666666666666666,0.16666666666666666,0.1666666666666656,0.5625
30.666666666666746,184.0,0.16666666666666666,0.16666666666666666,0.1666666666666671,0.625
2.666666666666666,16.0,0.16666666666666666,0.16666666666666666,0.16666666666666663,0.6875
0.6666666666666666,4.0,0.16666666666666666,0.16666666666666666,0.16666666666666666,0.75
0.0,0.0,1.0,0.0,0.0,0.8125
0.0,0.0,1.0,0.0,0.0,0.875
0.0,0.0,1.0,0.0,0.0,0.9375
0.0,0.0,1.0,0.0,0.0,1.0

87713.88888838596,451100.0,0.19444444444444445,0.19444444444444445,0.19444444444332956,0.0
255979.88888278918,1316468.0,0.19444444444444445,0.19444444444444445,0.19444444443981104,0.0625
344850.33332427766,1773516.0,0.19444444444444445,0.19444444444444445,0.1944444444393384,0.125
311482.1111031653,1601908.0,0.19444444444444445,0.19444444444444445,0.19444444443948425,0.1875
245346.1111053651,1261780.0,0.19444444444444445,0.19444444444444445,0.19444444443989056,0.25
174672.55555216025,898316.0,0.19444444444444445,0.19444444444444445,0.1944444444406648,0.3125
109541.4444432155,563356.0,0.19444444444444445,0.19444444444444445,0.19444444444226297,0.375
57512.777777979165,295780.0,0.19444444444444445,0.19444444444444445,0.19444444444512532,0.4375
25643.33333340222,131880.0,0.19444444444444445,0.19444444444444445,0.1944444444449668,0.5
8313.666666663505,42756.0,0.19444444444444445,0.19444444444444445,0.19444444444437048,0.5625
1840.2222222218554,9464.0,0.19444444444444445,0.19444444444444445,0.19444444444440567,0.625
248.11111111111802,1276.0,0.19444444444444445,0.19444444444444445,0.19444444444444986,0.6875
15.555555555555568,80.0,0.19444444444444445,0.19444444444444445,0.1944444444444446,0.75
0.0,0.0,1.0,0.0,0.0,0.8125
0.0,0.0,1.0,0.0,0.0,0.875
0.0,0.0,1.0,0.0,0.0,0.9375
0.0,0.0,1.0,0.0,0.0,1.0

0.0,0.0,1.0,0.0,0.0,0.0
0.0,0.0,1.0,0.0,0.0,0.0625
0.0,0.0,1.0,0.0,0.0,0.125
0.0,0.0,1.0,0.0,0.0,0.1875
0.0,0.0,1.0,0.0,0.0,0.25
0.0,0.0,1.0,0.0,0.0,0.3125
0.0,0.0,1.0,0.0,0.0,0.375
0.0,0.0,1.0,0.0,0.0,0.4375
0.0,0.0,1.0,0.0,0.0,0.5
0.0,0.0,1.0,0.0,0.0,0.5625
0.0,0.0,1.0,0.0,0.0,0.625
0.0,0.0,1.0,0.0,0.0,0.6875
0.0,0.0,1.0,0.0,0.0,0.75
0.0,0.0,1.0,0.0,0.0,0.8125
0.0,0.0,1.0,0.0,0.0,0.875
0.0,0.0,1.0,0.0,0.0,0.9375
0.0,0.0,1.0,0.0,0.0,1.0

0.0,0.0,1.0,0.0,0.0,0.0
0.0,0.0,1.0,0.0,0.0,0.0625
0.0,0.0,1.0,0.0,0.0,0.125
0.0,0.0,1.0,0.0,0.0,0.1875
0.0,0.0,1.0,0.0,0.0,0.25
0.0,0.0,1.0,0.0,0.0,0.3125
0.0,0.0,1.0,0.0,0.0,0.375
0.0,0.0,1.0,0.0,0.0,0.4375
0.0,0.0,1.0,0.0,0.0,0.5
0.0,0.0,1.0,0.0,0.0,0.5625
0.0,0.0,1.0,0.0,0.0,0.625
0.0,0.0,1.0,0.0,0.0,0.6875
0.0,0.0,1.0,0.0,0.0,0.75
0.0,0.0,1.0,0.0,0.0,0.8125
0.0,0.0,1.0,0.0,0.0,0.875
0.0,0.0,1.0,0.0,0.0,0.9375
0.0,0.0,1.0,0.0,0.0,1.0

0.0,0.0,1.0,0.0,0.0,0.0
0.0,0.0,1.0,0.0,0.0,0.0625
0.0,0.0,1.0,0.0,0.0,0.125
0.0,0.0,1.0,0.0,0.0,0.1875
0.0,0.0,1.0,0.0,0.0,0.25
0.0,0.0,1.0,0.0,0.0,0.3125
0.0,0.0,1.0,0.0,0.0,0.375
0.0,0.0,1.0,0.0,0.0,0.4375
0.0,0.0,1.0,0.0,0.0,0.5
0.0,0.0,1.0,0.0,0.0,0.5625
0.0,0.0,1.0,0.0,0.0,0.625
0.0,0.0,1.0,0.0,0.0,0.6875
0.0,0.0,1.0,0.0,0.0,0.75
0.0,0.0,1.0,0.0,0.0,0.8125
0.0,0.0,1.0,0.0,0.0,0.875
0.0,0.0,1.0,0.0,0.0,0.9375
0.0,0.0,1.0,0.0,0.0,1.0

0.0,0.0,1.0,0.0,0.0,0.0
0.0,0.0,1.0,0.0,0.0,0.0625
0.0,0.0,1.0,0.0,0.0,0.125
0.0,0.0,1.0,0.0,0.0,0.1875
0.0,0.0,1.0,0.0,0.0,0.25
0.0,0.0,1.0,0.0,0.0,0.3125
0.0,0.0,1.0,0.0,0.0,0.375
0.0,0.0,1.0,0.0,0.0,0.4375
0.0,0.0,1.0,0.0,0.0,0.5
0.0,0.0,1.0,0.0,0.0,0.5625
0.0,0.0,1.0,0.0,0.0,0.625
0.0,0.0,1.0,0.0,0.0,0.6875
0.0,0.0,1.0,0.0,0.0,0.75
0.0,0.0,1.0,0.0,0.0,0.8125
0.0,0.0,1.0,0.0,0.0,0.875
0.0,0.0,1.0,0.0,0.0,0.9375
0.0,0.0,1.0,0.0,0.0,1.0

0.0,0.0,1.0,0.0,0.0,0.0
0.0,0.0,1.0,0.0,0.0,0.0625
0.0,0.0,1.0,0.0,0.0,0.125
0.0,0.0,1.0,0.0,0.0,0.1875
0.0,0.0,1.0,0.0,0.0,0.25
0.0,0.0,1.0,0.0,0.0,0.3125
0.0,0.0,1.0,0.0,0.0,0.375
0.0,0.0,1.0,0.0,0.0,0.4375
0.0,0.0,1.0,0.0,0.0,0.5
0.0,0.0,1.0,0.0,0.0,0.5625
0.0,0.0,1.0,0.0,0.0,0.625
0.0,0.0,1.0,0.0,0.0,0.6875
0.0,0.0,1.0,0.0,0.0,0.75
0.0,0.0,1.0,0.0,0.0,0.8125
0.0,0.0,1.0,0.0,0.0,0.875
0.0,0.0,1.0,0.0,0.0,0.9375
0.0,0.0,1.0,0.0,0.0,1.0

0.0,0.0,1.0,0.0,0.0,0.0
0.0,0.0,1.0,0.0,0.0,0.0625
0.0,0.0,1.0,0.0,0.0,0.125
0.0,0.0,1.0,0.0,0.0,0.1875
0.0,0.0,1.0,0.0,0.0,0.25
0.0,0.0,1.0,0.0,0.0,0.3125
0.0,0.0,1.0,0.0,0.0,0.375
0.0,0.0,1.0,0.0,0.0,0.4375
0.0,0.0,1.0,0.0,0.0,0.5
0.0,0.0,1.0,0.0,0.0,0.5625
0.0,0.0,1.0,0.0,0.0,0.625
0.0,0.0,1.0,0.0,0.0,0.6875
0.0,0.0,1.0,0.0,0.0,0.75
0.0,0.0,1.0,0.0,0.0,0.8125
0.0,0.0,1.0,0.0,0.0,0.875
0.0,0.0,1.0,0.0,0.0,0.9375
0.0,0.0,1.0,0.0,0.0,1.0

0.0,0.0,1.0,0.0,0.0,0.0
0.0,0.0,1.0,0.0,0.0,0.0625
0.0,0.0,1.0,0.0,0.0,0.125
0.0,0.0,1.0,0.0,0.0,0.1875
0.0,0.0,1.0,0.0,0.0,0.25
0.0,0.0,1.0,0.0,0.0,0.3125
0.0,0.0,1.0,0.0,0.0,0.375
0.0,0.0,1.0,0.0,0.0,0.4375
0.0,0.0,1.0,0.0,0.0,0.5
0.0,0.0,1.0,0.0,0.0,0.5625
0.0,0.0,1.0,0.0,0.0,0.625
0.0,0.0,1.0,0.0,0.0,0.6875
0.0,0.0,1.0,0.0,0.0,0.75
0.0,0.0,1.0,0.0,0.0,0.8125
0.0,0.0,1.0,0.0,0.0,0.875
0.0,0.0,1.0,0.0,0.0,0.9375
0.0,0.0,1.0,0.0,0.0,1.0

0.0,0.0,1.0,0.0,0.0,0.0
0.0,0.0,1.0,0.0,0.0,0.0625
0.0,0.0,1.0,0.0,0.0,0.125
0.0,0.0,1.0,0.0,0.0,0.1875
0.0,0.0,1.0,0.0,0.0,0.25
0.0,0.0,1.0,0.0,0.0,0.3125
0.0,0.0,1.0,0.0,0.0,0.375
0.0,0.0,1.0,0.0,0.0,0.4375
0.0,0.0,1.0,0.0,0.0,0.5
0.0,0.0,1.0,0.0,0.0,0.5625
0.0,0.0,1.0,0.0,0.0,0.625
0.0,0.0,1.0,0.0,0.0,0.6875
0.0,0.0,1.0,0.0,0.0,0.75
0.0,0.0,1.0,0.0,0.0,0.8125
0.0,0.0,1.0,0.0,0.0,0.875
0.0,0.0,1.0,0.0,0.0,0.9375
0.0,0.0,1.0,0.0,0.0,1.0

0.0,0.0,1.0,0.0,0.0,0.0
0.0,0.0,1.0,0.0,0.0,0.0625
0.0,0.0,1.0,0.0,0.0,0.125
0.0,0.0,1.0,0.0,0.0,0.1875
0.0,0.0,1.0,0.0,0.0,0.25
0.0,0.0,1.0,0.0,0.0,0.3125
0.0,0.0,1.0,0.0,0.0,0.375
0.0,0.0,1.0,0.0,0.0,0.4375
0.0,0.0,1.0,0.0,0.0,0.5
0.0,0.0,1.0,0.0,0.0,0.5625
0.0,0.0,1.0,0.0,0.0,0.625
0.0,0.0,1.0,0.0,0.0,0.6875
0.0,0.0,1.0,0.0,0.0,0.75
0.0,0.0,1.0,0.0,0.0,0.8125
0.0,0.0,1.0,0.0,0.0,0.875
0.0,0.0,1.0,0.0,0.0,0.9375
0.0,0.0,1.0,0.0,0.0,1.0

0.0,0.0,1.0,0.0,0.0,0.0
0.0,0.0,1.0,0.0,0.0,0.0625
0.0,0.0,1.0,0.0,0.0,0.125
0.0,0.0,1.0,0.0,0.0,0.1875
0.0,0.0,1.0,0.0,0.0,0.25
0.0,0.0,1.0,0.0,0.0,0.3125
0.0,0.0,1.0,0.0,0.0,0.375
0.0,0.0,1.0,0.0,0.0,0.4375
0.0,0.0,1.0,0.0,0.0,0.5
0.0,0.0,1.0,0.0,0.0,0.5625
0.0,0.0,1.0,0.0,0.0,0.625
0.0,0.0,1.0,0.0,0.0,0.6875
0.0,0.0,1.0,0.0,0.0,0.75
0.0,0.0,1.0,0.0,0.0,0.8125
0.0,0.0,1.0,0.0,0.0,0.875
0.0,0.0,1.0,0.0,0.0,0.9375
0.0,0.0,1.0,0.0,0.0,1.0

0.0,0.0,1.0,0.0,0.0,0.0
0.0,0.0,1.0,0.0,0.0,0.0625
0.0,0.0,1.0,0.0,0.0,0.125
0.0,0.0,1.0,0.0,0.0,0.1875
0.0,0.0,1.0,0.0,0.0,0.25
0.0,0.0,1.0,0.0,0.0,0.3125
0.0,0.0,1.0,0.0,0.0,0.375
0.0,0.0,1.0,0.0,0.0,0.4375
0.0,0.0,1.0,0.0,0.0,0.5
0.0,0.0,1.0,0.0,0.0,0.5625
0.0,0.0,1.0,0.0,0.0,0.625
0.0,0.0,1.0,0.0,0.0,0.6875
0.0,0.0,1.0,0.0,0.0,0.75
0.0,0.0,1.0,0.0,0.0,0.8125
0.0,0.0,1.0,0.0,0.0,0.875
0.0,0.0,1.0,0.0,0.0,0.9375
0.0,0.0,1.0,0.0,0.0,1.0

0.0,0.0,1.0,0.0,0.0,0.0
0.0,0.0,1.0,0.0,0.0,0.0625
0.0,0.0,1.0,0.0,0.0,0.125
0.0,0.0,1.0,0.0,0.0,0.1875
0.0,0.0,1.0,0.0,0.0,0.25
0.0,0.0,1.0,0.0,0.0,0.3125
0.0,0.0,1.0,0.0,0.0,0.375
0.0,0.0,1.0,0.0,0.0,0.4375
0.0,0.0,1.0,0.0,0.0,0.5
0.0,0.0,1.0,0.0,0.0,0.5625
0.0,0.0,1.0,0.0,0.0,0.625
0.0,0.0,1.0,0.0,0.0,0.6875
0.0,0.0,1.0,0.0,0.0,0.75
0.0,0.0,1.0,0.0,0.0,0.8125
0.0,0.0,1.0,0.0,0.0,0.875
0.0,0.0,1.0,0.0,0.0,0.9375
0.0,0.0,1.0,0.0,0.0,1.0

0.0,0.0,1.0,0.0,0.0,0.0
0.0,0.0,1.0,0.0,0.0,0.0625
0.0,0.0,1.0,0.0,0.0,0.125
0.0,0.0,1.0,0.0,0.0,0.1875
0.0,0.0,1.0,0.0,0.0,0.25
0.0,0.0,1.0,0.0,0.0,0.3125
0.0,0.0,1.0,0.0,0.0,0.375
0.0,0.0,1.0,0.0,0.0,0.4375
0.0,0.0,1.0,0.0,0.0,0.5
0.0,0.0,1.0,0.0,0.0,0.5625
0.0,0.0,1.0,0.0,0.0,0.625
0.0,0.0,1.0,0.0,0.0,0.6875
0.0,0.0,1.0,0.0,0.0,0.75
0.0,0.0,1.0,0.0,0.0,0.8125
0.0,0.0,1.0,0.0,0.0,0.875
0.0,0.0,1.0,0.0,0.0,0.9375
0.0,0.0,1.0,0.0,0.0,1.0

0.0,0.0,1.0,0.0,0.0,0.0
0.0,0.0,1.0,0.0,0.0,0.0625
0.0,0.0,1.0,0.0,0.0,0.125
0.0,0.0,1.0,0.0,0.0,0.1875
0.0,0.0,1.0,0.0,0.0,0.25
0.0,0.0,1.0,0.0,0.0,0.3125
0.0,0.0,1.0,0.0,0.0,0.375
0.0,0.0,1.0,0.0,0.0,0.4375
0.0,0.0,1.0,0.0,0.0,0.5
0.0,0.0,1.0,0.0,0.0,0.5625
0.0,0.0,1.0,0.0,0.0,0.625
0.0,0.0,1.0,0.0,0.0,0.6875
0.0,0.0,1.0,0.0,0.0,0.75
0.0,0.0,1.0,0.0,0.0,0.8125
0.0,0.0,1.0,0.0,0.0,0.875
0.0,0.0,1.0,0.0,0.0,0.9375
0.0,0.0,1.0,0.0,0.0,1.0

0.0,0.0,1.0,0.0,0.0,0.0
0.0,0.0,1.0,0.0,0.0,0.0625
0.0,0.0,1.0,0.0,0.0,0.125
0.0,0.0,1.0,0.0,0.0,0.1875
0.0,0.0,1.0,0.0,0.0,0.25
0.0,0.0,1.0,0.0,0.0,0.3125
0.0,0.0,1.0,0.0,0.0,0.375
0.0,0.0,1.0,0.0,0.0,0.4375
0.0,0.0,1.0,0.0,0.0,0.5
0.0,0.0,1.0,0.0,0.0,0.5625
0.0,0.0,1.0,0.0,0.0,0.625
0.0,0.0,1.0,0.0,0.0,0.6875
0.0,0.0,1.0,0.0,0.0,0.75
0.0,0.0,1.0,0.0,0.0,0.8125
0.0,0.0,1.0,0.0,0.0,0.875
0.0,0.0,1.0,0.0,0.0,0.9375
0.0,0.0,1.0,0.0,0.0,1.0

0.0,0.0,1.0,0.0,0.0,0.0
0.0,0.0,1.0,0.0,0.0,0.0625
0.0,0.0,1.0,0.0,0.0,0.125
0.0,0.0,1.0,0.0,0.0,0.1875
0.0,0.0,1.0,0.0,0.0,0.25
0.0,0.0,1.0,0.0,0.0,0.3125
0.0,0.0,1.0,0.0,0.0,0.375
0.0,0.0,1.0,0.0,0.0,0.4375
0.0,0.0,1.0,0.0,0.0,0.5
0.0,0.0,1.0,0.0,0.0,0.5625
0.0,0.0,1.0,0.0,0.0,0.625
0.0,0.0,1.0,0.0,0.0,0.6875
0.0,0.0,1.0,0.0,0.0,0.75
0.0,0.0,1.0,0.0,0.0,0.8125
0.0,0.0,1.0,0.0,0.0,0.875
0.0,0.0,1.0,0.0,0.0,0.9375
0.0,0.0,1.0,0.0,0.0,1.0

0.0,0.0,1.0,0.0,0.0,0.0
0.0,0.0,1.0,0.0,0.0,0.0625
0.0,0.0,1.0,0.0,0.0,0.125
0.0,0.0,1.0,0.0,0.0,0.1875
0.0,0.0,1.0,0.0,0.0,0.25
0.0,0.0,1.0,0.0,0.0,0.3125
0.0,0.0,1.0,0.0,0.0,0.375
0.0,0.0,1.0,0.0,0.0,0.4375
0.0,0.0,1.0,0.0,0.0,0.5
0.0,0.0,1.0,0.0,0.0,0.5625
0.0,0.0,1.0,0.0,0.0,0.625
0.0,0.0,1.0,0.0,0.0,0.6875
0.0,0.0,1.0,0.0,0.0,0.75
0.0,0.0,1.0,0.0,0.0,0.8125
0.0,0.0,1.0,0.0,0.0,0.875
0.0,0.0,1.0,0.0,0.0,0.9375
0.0,0.0,1.0,0.0,0.0,1.0

0.0,0.0,1.0,0.0,0.0,0.0
0.0,0.0,1.0,0.0,0.0,0.0625
0.0,0.0,1.0,0.0,0.0,0.125
0.0,0.0,1.0,0.0,0.0,0.1875
0.0,0.0,1.0,0.0,0.0,0.25
0.0,0.0,1.0,0.0,0.0,0.3125
0.0,0.0,1.0,0.0,0.0,0.375
0.0,0.0,1.0,0.0,0.0,0.4375
0.0,0.0,1.0,0.0,0.0,0.5
0.0,0.0,1.0,0.0,0.0,0.5625
0.0,0.0,1.0,0.0,0.0,0.625
0.0,0.0,1.0,0.0,0.0,0.6875
0.0,0.0,1.0,0.0,0.0,0.75
0.0,0.0,1.0,0.0,0.0,0.8125
0.0,0.0,1.0,0.0,0.0,0.875
0.0,0.0,1.0,0.0,0.0,0.9375
0.0,0.0,1.0,0.0,0.0,1.0

0.0,0.0,1.0,0.0,0.0,0.0
0.0,0.0,1.0,0.0,0.0,0.0625
0.0,0.0,1.0,0.0,0.0,0.125
0.0,0.0,1.0,0.0,0.0,0.1875
0.0,0.0,1.0,0.0,0.0,0.25
0.0,0.0,1.0,0.0,0.0,0.3125
0.0,0.0,1.0,0.0,0.0,0.375
0.0,0.0,1.0,0.0,0.0,0.4375
0.0,0.0,1.0,0.0,0.0,0.5
0.0,0.0,1.0,0.0,0.0,0.5625
0.0,0.0,1.0,0.0,0.0,0.625
0.0,0.0,1.0,0.0,0.0,0.6875
0.0,0.0,1.0,0.0,0.0,0.75
0.0,0.0,1.0,0.0,0.0,0.8125
0.0,0.0,1.0,0.0,0.0,0.875
0.0,0.0,1.0,0.0,0.0,0.9375
0.0,0.0,1.0,0.0,0.0,1.0

0.0,0.0,1.0,0.0,0.0,0.0
0.0,0.0,1.0,0.0,0.0,0.0625
0.0,0.0,1.0,0.0,0.0,0.125
0.0,0.0,1.0,0.0,0.0,0.1875
0.0,0.0,1.0,0.0,0.0,0.25
0.0,0.0,1.0,0.0,0.0,0.3125
0.0,0.0,1.0,0.0,0.0,0.375
0.0,0.0,1.0,0.0,0.0,0.4375
0.0,0.0,1.0,0.0,0.0,0.5
0.0,0.0,1.0,0.0,0.0,0.5625
0.0,0.0,1.0,0.0,0.0,0.625
0.0,0.0,1.0,0.0,0.0,0.6875
0.0,0.0,1.0,0.0,0.0,0.75
0.0,0.0,1.0,0.0,0.0,0.8125
0.0,0.0,1.0,0.0,0.0,0.875
0.0,0.0,1.0,0.0,0.0,0.9375
0.0,0.0,1.0,0.0,0.0,1.0

0.0,0.0,1.0,0.0,0.0,0.0
0.0,0.0,1.0,0.0,0.0,0.0625
0.0,0.0,1.0,0.0,0.0,0.125
0.0,0.0,1.0,0.0,0.0,0.1875
0.0,0.0,1.0,0.0,0.0,0.25
0.0,0.0,1.0,0.0,0.0,0.3125
0.0,0.0,1.0,0.0,0.0,0.375
0.0,0.0,1.0,0.0,0.0,0.4375
0.0,0.0,1.0,0.0,0.0,0.5
0.0,0.0,1.0,0.0,0.0,0.5625
0.0,0.0,1.0,0.0,0.0,0.625
0.0,0.0,1.0,0.0,0.0,0.6875
0.0,0.0,1.0,0.0,0.0,0.75
0.0,0.0,1.0,0.0,0.0,0.8125
0.0,0.0,1.0,0.0,0.0,0.875
0.0,0.0,1.0,0.0,0.0,0.9375
0.0,0.0,1.0,0.0,0.0,1.0

6453982.223151225,8011840.0,0.8055555555555556,0.8055555555555556,0.8055555556715093,0.0
258654.22222371603,321088.0,0.8055555555555556,0.8055555555555556,0.8055555555602079,0.0625
11728.888888886224,14560.0,0.8055555555555556,0.8055555555555556,0.8055555555553725,0.125
154.66666666666646,192.0,0.8055555555555556,0.8055555555555556,0.8055555555555545,0.1875
0.0,0.0,1.0,0.0,0.0,0.25
0.0,0.0,1.0,0.0,0.0,0.3125
0.0,0.0,1.0,0.0,0.0,0.375
0.0,0.0,1.0,0.0,0.0,0.4375
0.0,0.0,1.0,0.0,0.0,0.5
0.0,0.0,1.0,0.0,0.0,0.5625
0.0,0.0,1.0,0.0,0.0,0.625
0.0,0.0,1.0,0.0,0.0,0.6875
0.0,0.0,1.0,0.0,0.0,0.75
0.0,0.0,1.0,0.0,0.0,0.8125
0.0,0.0,1.0,0.0,0.0,0.875
0.0,0.0,1.0,0.0,0.0,0.9375
0.0,0.0,1.0,0.0,0.0,1.0

1602199.9999679711,1922640.0,0.8333333333333334,0.8333333333333334,0.8333333333166746,0.0
20639.999999998574,24768.0,0.8333333333333334,0.8333333333333334,0.8333333333332757,0.0625
319.9999999999997,384.0,0.8333333333333334,0.8333333333333334,0.8333333333333326,0.125
0.0,0.0,1.0,0.0,0.0,0.1875
0.0,0.0,1.0,0.0,0.0,0.25
0.0,0.0,1.0,0.0,0.0,0.3125
0.0,0.0,1.0,0.0,0.0,0.375
0.0,0.0,1.0,0.0,0.0,0.4375
0.0,0.0,1.0,0.0,0.0,0.5
0.0,0.0,1.0,0.0,0.0,0.5625
0.0,0.0,1.0,0.0,0.0,0.625
0.0,0.0,1.0,0.0,0.0,0.6875
0.0,0.0,1.0,0.0,0.0,0.75
0.0,0.0,1.0,0.0,0.0,0.8125
0.0,0.0,1.0,0.0,0.0,0.875
0.0,0.0,1.0,0.0,0.0,0.9375
0.0,0.0,1.0,0.0,0.0,1.0

323860.44444712834,376096.0,0.8611111111111112,0.8611111111111112,0.8611111111182473,0.0
771.5555555555412,896.0,0.8611111111111112,0.8611111111111112,0.8611111111110951,0.0625
0.0,0.0,1.0,0.0,0.0,0.125
0.0,0.0,1.0,0.0,0.0,0.1875
0.0,0.0,1.0,0.0,0.0,0.25
0.0,0.0,1.0,0.0,0.0,0.3125
0.0,0.0,1.0,0.0,0.0,0.375
0.0,0.0,1.0,0.0,0.0,0.4375
0.0,0.0,1.0,0.0,0.0,0.5
0.0,0.0,1.0,0.0,0.0,0.5625
0.0,0.0,1.0,0.0,0.0,0.625
0.0,0.0,1.0,0.0,0.0,0.6875
0.0,0.0,1.0,0.0,0.0,0.75
0.0,0.0,1.0,0.0,0.0,0.8125
0.0,0.0,1.0,0.0,0.0,0.875
0.0,0.0,1.0,0.0,0.0,0.9375
0.0,0.0,1.0,0.0,0.0,1.0

52360.00000006223,58905.0,0.8888888888888888,0.8888888888888888,0.8888888888899453,0.0
0.0,0.0,1.0,0.0,0.0,0.0625
0.0,0.0,1.0,0.0,0.0,0.125
0.0,0.0,1.0,0.0,0.0,0.1875
0.0,0.0,1.0,0.0,0.0,0.25
0.0,0.0,1.0,0.0,0.0,0.3125
0.0,0.0,1.0,0.0,0.0,0.375
0.0,0.0,1.0,0.0,0.0,0.4375
0.0,0.0,1.0,0.0,0.0,0.5
0.0,0.0,1.0,0.0,0.0,0.5625
0.0,0.0,1.0,0.0,0.0,0.625
0.0,0.0,1.0,0.0,0.0,0.6875
0.0,0.0,1.0,0.0,0.0,0.75
0.0,0.0,1.0,0.0,0.0,0.8125
0.0,0.0,1.0,0.0,0.0,0.875
0.0,0.0,1.0,0.0,0.0,0.9375
0.0,0.0,1.0,0.0,0.0,1.0

6545.000000000539,7140.0,0.9166666666666666,0.9166666666666666,0.9166666666667422,0.0
0.0,0.0,1.0,0.0,0.0,0.0625
0.0,0.0,1.0,0.0,0.0,0.125
0.0,0.0,1.0,0.0,0.0,0.1875
0.0,0.0,1.0,0.0,0.0,0.25
0.0,0.0,1.0,0.0,0.0,0.3125
0.0,0.0,1.0,0.0,0.0,0.375
0.0,0.0,1.0,0.0,0.0,0.4375
0.0,0.0,1.0,0.0,0.0,0.5
0.0,0.0,1.0,0.0,0.0,0.5625
0.0,0.0,1.0,0.0,0.0,0.625
0.0,0.0,1.0,0.0,0.0,0.6875
0.0,0.0,1.0,0.0,0.0,0.75
0.0,0.0,1.0,0.0,0.0,0.8125
0.0,0.0,1.0,0.0,0.0,0.875
0.0,0.0,1.0,0.0,0.0,0.9375
0.0,0.0,1.0,0.0,0.0,1.0

595.000000000006,630.0,0.9444444444444444,0.9444444444444444,0.944444444444454,0.0
0.0,0.0,1.0,0.0,0.0,0.0625
0.0,0.0,1.0,0.0,0.0,0.125
0.0,0.0,1.0,0.0,0.0,0.1875
0.0,0.0,1.0,0.0,0.0,0.25
0.0,0.0,1.0,0.0,0.0,0.3125
0.0,0.0,1.0,0.0,0.0,0.375
0.0,0.0,1.0,0.0,0.0,0.4375
0.0,0.0,1.0,0.0,0.0,0.5
0.0,0.0,1.0,0.0,0.0,0.5625
0.0,0.0,1.0,0.0,0.0,0.625
0.0,0.0,1.0,0.0,0.0,0.6875
0.0,0.0,1.0,0.0,0.0,0.75
0.0,0.0,1.0,0.0,0.0,0.8125
0.0,0.0,1.0,0.0,0.0,0.875
0.0,0.0,1.0,0.0,0.0,0.9375
0.0,0.0,1.0,0.0,0.0,1.0

34.99999999999998,36.0,0.9722222222222222,0.9722222222222222,0.9722222222222217,0.0
0.0,0.0,1.0,0.0,0.0,0.0625
0.0,0.0,1.0,0.0,0.0,0.125
0.0,0.0,1.0,0.0,0.0,0.1875
0.0,0.0,1.0,0.0,0.0,0.25
0.0,0.0,1.0,0.0,0.0,0.3125
0.0,0.0,1.0,0.0,0.0,0.375
0.0,0.0,1.0,0.0,0.0,0.4375
0.0,0.0,1.0,0.0,0.0,0.5
0.0,0.0,1.0,0.0,0.0,0.5625
0.0,0.0,1.0,0.0,0.0,0.625
0.0,0.0,1.0,0.0,0.0,0.6875
0.0,0.0,1.0,0.0,0.0,0.75
0.0,0.0,1.0,0.0,0.0,0.8125
0.0,0.0,1.0,0.0,0.0,0.875
0.0,0.0,1.0,0.0,0.0,0.9375
0.0,0.0,1.0,0.0,0.0,1.0

1.0,1.0,1.0,1.0,1.0,0.0
0.0,0.0,1.0,0.0,0.0,0.0625
0.0,0.0,1.0,0.0,0.0,0.125
0.0,0.0,1.0,0.0,0.0,0.1875
0.0,0.0,1.0,0.0,0.0,0.25
0.0,0.0,1.0,0.0,0.0,0.3125
0.0,0.0,1.0,0.0,0.0,0.375
0.0,0.0,1.0,0.0,0.0,0.4375
0.0,0.0,1.0,0.0,0.0,0.5
0.0,0.0,1.0,0.0,0.0,0.5625
0.0,0.0,1.0,0.0,0.0,0.625
0.0,0.0,1.0,0.0,0.0,0.6875
0.0,0.0,1.0,0.0,0.0,0.75
0.0,0.0,1.0,0.0,0.0,0.8125
0.0,0.0,1.0,0.0,0.0,0.875
0.0,0.0,1.0,0.0,0.0,0.9375
0.0,0.0,1.0,0.0,0.0,1.0

37078698.23320488,51295456.0,0.0,1.0,0.7228456694722605,0.0
15223552.887266096,25542690.0,0.08333333333333333,0.8611111111111112,0.5960042927062927,0.0625
11423780.191710815,22798590.0,0.08333333333333333,0.8333333333333334,0.5010739783342222,0.125
10222603.138224857,22979350.0,0.08333333333333333,0.8055555555555556,0.4448604132938859,0.1875
9681708.778764425,23507908.0,0.08333333333333333,0.7777777777777778,0.41184901603172963,0.25
9023258.94439578,22995696.0,0.1111111111111111,0.75,0.3923890342086528,0.3125
7892595.471214735,20775899.0,0.1111111111111111,0.7222222222222222,0.37989188680666647,0.375
6234251.776710076,16786179.0,0.1111111111111111,0.7222222222222222,0.3713919514804457,0.4375
4325501.138458796,11860794.0,0.1388888888888889,0.6944444444444444,0.36468900298401574,0.5
2575865.3334318423,7157145.0,0.1388888888888889,0.6666666666666666,0.35990123623761183,0.5625
1289980.5833386243,3616094.0,0.16666666666666666,0.6388888888888888,0.3567331444753992,0.625
533493.9444515376,1502830.0,0.16666666666666666,0.5833333333333334,0.3549928764075362,0.6875
177147.72222115647,499667.0,0.16666666666666666,0.5833333333333334,0.35453156246291323,0.75
46242.249999966545,130437.0,0.2222222222222222,0.5277777777777778,0.3545178898622825,0.8125
9135.944444444862,25780.0,0.25,0.5,0.3543810878372716,0.875
1266.2777777777628,3573.0,0.2777777777777778,0.4722222222222222,0.3544018409677478,0.9375
93.36111111111136,264.0,0.3333333333333333,0.4444444444444444,0.35364057239057334,1.0
